@timestamp,event.dataset,event.action,host.name,host.ip,user.name,source.ip,destination.ip,destination.port,url.full,process.name,process.command_line,file.path,file.hash.sha256,email.subject,raw,json
2024-12-05T01:55:00Z,identity,vpn_login,,,jdoe,198.51.100.23,,,,,,,,,VPN: login failure user=jdoe src=198.51.100.23 reason=InvalidCredentials,"{""@timestamp"": ""2024-12-05T01:55:00Z"", ""event"": {""dataset"": ""identity"", ""action"": ""vpn_login"", ""kind"": ""event"", ""category"": [""authentication""], ""outcome"": ""failure""}, ""organization"": {""name"": ""ExampleCorp""}, ""tags"": [], ""event.original"": ""VPN: login failure user=jdoe src=198.51.100.23 reason=InvalidCredentials"", ""user"": {""name"": ""jdoe"", ""email"": null}, ""source"": {""ip"": ""198.51.100.23""}, ""service"": {""name"": ""vpn""}}"
2024-12-05T01:55:22Z,identity,vpn_login,,,asmith,198.51.100.23,,,,,,,,,VPN: login failure user=asmith src=198.51.100.23 reason=InvalidCredentials,"{""@timestamp"": ""2024-12-05T01:55:22Z"", ""event"": {""dataset"": ""identity"", ""action"": ""vpn_login"", ""kind"": ""event"", ""category"": [""authentication""], ""outcome"": ""failure""}, ""organization"": {""name"": ""ExampleCorp""}, ""tags"": [], ""event.original"": ""VPN: login failure user=asmith src=198.51.100.23 reason=InvalidCredentials"", ""user"": {""name"": ""asmith"", ""email"": null}, ""source"": {""ip"": ""198.51.100.23""}, ""service"": {""name"": ""vpn""}}"
2024-12-05T01:55:44Z,identity,vpn_login,,,bchan,198.51.100.23,,,,,,,,,VPN: login failure user=bchan src=198.51.100.23 reason=InvalidCredentials,"{""@timestamp"": ""2024-12-05T01:55:44Z"", ""event"": {""dataset"": ""identity"", ""action"": ""vpn_login"", ""kind"": ""event"", ""category"": [""authentication""], ""outcome"": ""failure""}, ""organization"": {""name"": ""ExampleCorp""}, ""tags"": [], ""event.original"": ""VPN: login failure user=bchan src=198.51.100.23 reason=InvalidCredentials"", ""user"": {""name"": ""bchan"", ""email"": null}, ""source"": {""ip"": ""198.51.100.23""}, ""service"": {""name"": ""vpn""}}"
2024-12-05T01:56:00Z,network,dns,WKSTN-014,10.10.14.23,jdoe,10.10.14.23,,,,,,,,,DNS: query=officecdn.microsoft.com answer=13.107.6.152 ttl=300,"{""@timestamp"": ""2024-12-05T01:56:00Z"", ""event"": {""dataset"": ""network"", ""action"": ""dns"", ""kind"": ""event"", ""category"": [""network""]}, ""organization"": {""name"": ""ExampleCorp""}, ""tags"": [], ""event.original"": ""DNS: query=officecdn.microsoft.com answer=13.107.6.152 ttl=300"", ""host"": {""name"": ""WKSTN-014"", ""ip"": [""10.10.14.23""]}, ""user"": {""name"": ""jdoe"", ""email"": null}, ""source"": {""ip"": ""10.10.14.23""}, ""dns"": {""question"": {""name"": ""officecdn.microsoft.com""}, ""answers"": [{""data"": ""13.107.6.152"", ""ttl"": 300}]}}"
2024-12-05T01:56:06Z,identity,vpn_login,,,svc_app,198.51.100.23,,,,,,,,,VPN: login failure user=svc_app src=198.51.100.23 reason=InvalidCredentials,"{""@timestamp"": ""2024-12-05T01:56:06Z"", ""event"": {""dataset"": ""identity"", ""action"": ""vpn_login"", ""kind"": ""event"", ""category"": [""authentication""], ""outcome"": ""failure""}, ""organization"": {""name"": ""ExampleCorp""}, ""tags"": [], ""event.original"": ""VPN: login failure user=svc_app src=198.51.100.23 reason=InvalidCredentials"", ""user"": {""name"": ""svc_app"", ""email"": null}, ""source"": {""ip"": ""198.51.100.23""}, ""service"": {""name"": ""vpn""}}"
2024-12-05T01:56:06Z,network,flow,WKSTN-014,10.10.14.23,jdoe,10.10.14.23,13.107.6.152,443,,,,,,,FLOW: benign TLS traffic,"{""@timestamp"": ""2024-12-05T01:56:06Z"", ""event"": {""dataset"": ""network"", ""action"": ""flow"", ""kind"": ""event"", ""category"": [""network""]}, ""organization"": {""name"": ""ExampleCorp""}, ""tags"": [], ""event.original"": ""FLOW: benign TLS traffic"", ""host"": {""name"": ""WKSTN-014"", ""ip"": [""10.10.14.23""]}, ""user"": {""name"": ""jdoe"", ""email"": null}, ""source"": {""ip"": ""10.10.14.23""}, ""destination"": {""ip"": ""13.107.6.152"", ""port"": 443}, ""network"": {""transport"": ""tcp"", ""bytes"": 5800}}"
2024-12-05T01:56:15Z,network,dns,WKSTN-014,10.10.14.23,jdoe,10.10.14.23,,,,,,,,,DNS: query=ctldl.windowsupdate.com answer=13.107.4.50 ttl=300,"{""@timestamp"": ""2024-12-05T01:56:15Z"", ""event"": {""dataset"": ""network"", ""action"": ""dns"", ""kind"": ""event"", ""category"": [""network""]}, ""organization"": {""name"": ""ExampleCorp""}, ""tags"": [], ""event.original"": ""DNS: query=ctldl.windowsupdate.com answer=13.107.4.50 ttl=300"", ""host"": {""name"": ""WKSTN-014"", ""ip"": [""10.10.14.23""]}, ""user"": {""name"": ""jdoe"", ""email"": null}, ""source"": {""ip"": ""10.10.14.23""}, ""dns"": {""question"": {""name"": ""ctldl.windowsupdate.com""}, ""answers"": [{""data"": ""13.107.4.50"", ""ttl"": 300}]}}"
2024-12-05T01:56:28Z,identity,vpn_login,,,sql_svc,198.51.100.23,,,,,,,,,VPN: login failure user=sql_svc src=198.51.100.23 reason=InvalidCredentials,"{""@timestamp"": ""2024-12-05T01:56:28Z"", ""event"": {""dataset"": ""identity"", ""action"": ""vpn_login"", ""kind"": ""event"", ""category"": [""authentication""], ""outcome"": ""failure""}, ""organization"": {""name"": ""ExampleCorp""}, ""tags"": [], ""event.original"": ""VPN: login failure user=sql_svc src=198.51.100.23 reason=InvalidCredentials"", ""user"": {""name"": ""sql_svc"", ""email"": null}, ""source"": {""ip"": ""198.51.100.23""}, ""service"": {""name"": ""vpn""}}"
2024-12-05T01:56:30Z,network,dns,WKSTN-014,10.10.14.23,jdoe,10.10.14.23,,,,,,,,,DNS: query=login.microsoftonline.com answer=20.190.155.134 ttl=300,"{""@timestamp"": ""2024-12-05T01:56:30Z"", ""event"": {""dataset"": ""network"", ""action"": ""dns"", ""kind"": ""event"", ""category"": [""network""]}, ""organization"": {""name"": ""ExampleCorp""}, ""tags"": [], ""event.original"": ""DNS: query=login.microsoftonline.com answer=20.190.155.134 ttl=300"", ""host"": {""name"": ""WKSTN-014"", ""ip"": [""10.10.14.23""]}, ""user"": {""name"": ""jdoe"", ""email"": null}, ""source"": {""ip"": ""10.10.14.23""}, ""dns"": {""question"": {""name"": ""login.microsoftonline.com""}, ""answers"": [{""data"": ""20.190.155.134"", ""ttl"": 300}]}}"
2024-12-05T01:56:36Z,network,flow,WKSTN-014,10.10.14.23,jdoe,10.10.14.23,20.190.155.134,443,,,,,,,FLOW: benign TLS traffic,"{""@timestamp"": ""2024-12-05T01:56:36Z"", ""event"": {""dataset"": ""network"", ""action"": ""flow"", ""kind"": ""event"", ""category"": [""network""]}, ""organization"": {""name"": ""ExampleCorp""}, ""tags"": [], ""event.original"": ""FLOW: benign TLS traffic"", ""host"": {""name"": ""WKSTN-014"", ""ip"": [""10.10.14.23""]}, ""user"": {""name"": ""jdoe"", ""email"": null}, ""source"": {""ip"": ""10.10.14.23""}, ""destination"": {""ip"": ""20.190.155.134"", ""port"": 443}, ""network"": {""transport"": ""tcp"", ""bytes"": 5800}}"
2024-12-05T01:56:45Z,network,dns,WKSTN-014,10.10.14.23,jdoe,10.10.14.23,,,,,,,,,DNS: query=clients2.google.com answer=142.250.74.78 ttl=300,"{""@timestamp"": ""2024-12-05T01:56:45Z"", ""event"": {""dataset"": ""network"", ""action"": ""dns"", ""kind"": ""event"", ""category"": [""network""]}, ""organization"": {""name"": ""ExampleCorp""}, ""tags"": [], ""event.original"": ""DNS: query=clients2.google.com answer=142.250.74.78 ttl=300"", ""host"": {""name"": ""WKSTN-014"", ""ip"": [""10.10.14.23""]}, ""user"": {""name"": ""jdoe"", ""email"": null}, ""source"": {""ip"": ""10.10.14.23""}, ""dns"": {""question"": {""name"": ""clients2.google.com""}, ""answers"": [{""data"": ""142.250.74.78"", ""ttl"": 300}]}}"
2024-12-05T01:56:50Z,identity,vpn_login,,,jdoe,198.51.100.23,,,,,,,,,VPN: login failure user=jdoe src=198.51.100.23 reason=InvalidCredentials,"{""@timestamp"": ""2024-12-05T01:56:50Z"", ""event"": {""dataset"": ""identity"", ""action"": ""vpn_login"", ""kind"": ""event"", ""category"": [""authentication""], ""outcome"": ""failure""}, ""organization"": {""name"": ""ExampleCorp""}, ""tags"": [], ""event.original"": ""VPN: login failure user=jdoe src=198.51.100.23 reason=InvalidCredentials"", ""user"": {""name"": ""jdoe"", ""email"": null}, ""source"": {""ip"": ""198.51.100.23""}, ""service"": {""name"": ""vpn""}}"
2024-12-05T01:58:05Z,identity,vpn_login,,,jdoe,198.51.100.23,,,,,,,,,VPN: login success user=jdoe src=198.51.100.23 device=unknown,"{""@timestamp"": ""2024-12-05T01:58:05Z"", ""event"": {""dataset"": ""identity"", ""action"": ""vpn_login"", ""kind"": ""event"", ""category"": [""authentication""], ""outcome"": ""success""}, ""organization"": {""name"": ""ExampleCorp""}, ""tags"": [], ""event.original"": ""VPN: login success user=jdoe src=198.51.100.23 device=unknown"", ""user"": {""name"": ""jdoe"", ""email"": null}, ""source"": {""ip"": ""198.51.100.23""}, ""service"": {""name"": ""vpn""}}"
2024-12-05T01:58:12Z,identity,mfa_push,,,jdoe,198.51.100.23,,,,,,,,,MFA: push approved (new device),"{""@timestamp"": ""2024-12-05T01:58:12Z"", ""event"": {""dataset"": ""identity"", ""action"": ""mfa_push"", ""kind"": ""event"", ""category"": [""authentication""], ""outcome"": ""success""}, ""organization"": {""name"": ""ExampleCorp""}, ""tags"": [], ""event.original"": ""MFA: push approved (new device)"", ""user"": {""name"": ""jdoe"", ""email"": null}, ""source"": {""ip"": ""198.51.100.23""}, ""service"": {""name"": ""vpn""}}"
2024-12-05T02:01:00Z,endpoint,process_start,WKSTN-014,10.10.14.23,jdoe,,,,,powershell.exe,"powershell.exe -NoP -W Hidden -Command ""whoami; ipconfig /all""",,,,EDR: PowerShell started after VPN login,"{""@timestamp"": ""2024-12-05T02:01:00Z"", ""event"": {""dataset"": ""endpoint"", ""action"": ""process_start"", ""kind"": ""event"", ""category"": [""process""]}, ""organization"": {""name"": ""ExampleCorp""}, ""tags"": [], ""event.original"": ""EDR: PowerShell started after VPN login"", ""host"": {""name"": ""WKSTN-014"", ""ip"": [""10.10.14.23""]}, ""user"": {""name"": ""jdoe"", ""email"": null}, ""process"": {""name"": ""powershell.exe"", ""pid"": 7101, ""parent"": {""name"": ""explorer.exe"", ""pid"": 1500}, ""command_line"": ""powershell.exe -NoP -W Hidden -Command \""whoami; ipconfig /all\""""}}"
2024-12-05T02:01:02Z,terminal,command,WKSTN-014,10.10.14.23,jdoe,,,,,,,,,,"2024-12-05T02:01:02Z jdoe@WKSTN-014$ whoami
examplecorp\jdoe","{""@timestamp"": ""2024-12-05T02:01:02Z"", ""event"": {""dataset"": ""terminal"", ""action"": ""command"", ""kind"": ""event"", ""category"": [""process""]}, ""organization"": {""name"": ""ExampleCorp""}, ""tags"": [], ""event.original"": ""2024-12-05T02:01:02Z jdoe@WKSTN-014$ whoami\nexamplecorp\\jdoe"", ""host"": {""name"": ""WKSTN-014"", ""ip"": [""10.10.14.23""]}, ""user"": {""name"": ""jdoe"", ""email"": null}, ""terminal"": {""command"": ""whoami"", ""output"": ""examplecorp\\jdoe""}}"
2024-12-05T02:01:10Z,terminal,command,WKSTN-014,10.10.14.23,jdoe,,,,,,,,,,"2024-12-05T02:01:10Z jdoe@WKSTN-014$ nltest /dclist:examplecorp
SRV-DC-01","{""@timestamp"": ""2024-12-05T02:01:10Z"", ""event"": {""dataset"": ""terminal"", ""action"": ""command"", ""kind"": ""event"", ""category"": [""process""]}, ""organization"": {""name"": ""ExampleCorp""}, ""tags"": [], ""event.original"": ""2024-12-05T02:01:10Z jdoe@WKSTN-014$ nltest /dclist:examplecorp\nSRV-DC-01"", ""host"": {""name"": ""WKSTN-014"", ""ip"": [""10.10.14.23""]}, ""user"": {""name"": ""jdoe"", ""email"": null}, ""terminal"": {""command"": ""nltest /dclist:examplecorp"", ""output"": ""SRV-DC-01""}}"
2024-12-05T02:01:22Z,terminal,command,WKSTN-014,10.10.14.23,jdoe,,,,,,,,,,"2024-12-05T02:01:22Z jdoe@WKSTN-014$ net group ""Domain Admins"" /domain
(output truncated)","{""@timestamp"": ""2024-12-05T02:01:22Z"", ""event"": {""dataset"": ""terminal"", ""action"": ""command"", ""kind"": ""event"", ""category"": [""process""]}, ""organization"": {""name"": ""ExampleCorp""}, ""tags"": [], ""event.original"": ""2024-12-05T02:01:22Z jdoe@WKSTN-014$ net group \""Domain Admins\"" /domain\n(output truncated)"", ""host"": {""name"": ""WKSTN-014"", ""ip"": [""10.10.14.23""]}, ""user"": {""name"": ""jdoe"", ""email"": null}, ""terminal"": {""command"": ""net group \""Domain Admins\"" /domain"", ""output"": ""(output truncated)""}}"
2024-12-05T02:01:30Z,network,flow,WKSTN-014,10.10.14.23,jdoe,10.10.14.23,10.10.0.10,389,,,,,,,ZEek: LDAP bind/query to DC,"{""@timestamp"": ""2024-12-05T02:01:30Z"", ""event"": {""dataset"": ""network"", ""action"": ""flow"", ""kind"": ""event"", ""category"": [""network""]}, ""organization"": {""name"": ""ExampleCorp""}, ""tags"": [], ""event.original"": ""ZEek: LDAP bind/query to DC"", ""host"": {""name"": ""WKSTN-014"", ""ip"": [""10.10.14.23""]}, ""user"": {""name"": ""jdoe"", ""email"": null}, ""source"": {""ip"": ""10.10.14.23""}, ""destination"": {""ip"": ""10.10.0.10"", ""port"": 389}, ""network"": {""transport"": ""tcp"", ""bytes"": 2000}}"
2024-12-05T02:01:42Z,network,flow,WKSTN-014,10.10.14.23,jdoe,10.10.14.23,10.10.0.10,389,,,,,,,ZEek: LDAP bind/query to DC,"{""@timestamp"": ""2024-12-05T02:01:42Z"", ""event"": {""dataset"": ""network"", ""action"": ""flow"", ""kind"": ""event"", ""category"": [""network""]}, ""organization"": {""name"": ""ExampleCorp""}, ""tags"": [], ""event.original"": ""ZEek: LDAP bind/query to DC"", ""host"": {""name"": ""WKSTN-014"", ""ip"": [""10.10.14.23""]}, ""user"": {""name"": ""jdoe"", ""email"": null}, ""source"": {""ip"": ""10.10.14.23""}, ""destination"": {""ip"": ""10.10.0.10"", ""port"": 389}, ""network"": {""transport"": ""tcp"", ""bytes"": 2000}}"
2024-12-05T02:01:54Z,network,flow,WKSTN-014,10.10.14.23,jdoe,10.10.14.23,10.10.0.10,389,,,,,,,ZEek: LDAP bind/query to DC,"{""@timestamp"": ""2024-12-05T02:01:54Z"", ""event"": {""dataset"": ""network"", ""action"": ""flow"", ""kind"": ""event"", ""category"": [""network""]}, ""organization"": {""name"": ""ExampleCorp""}, ""tags"": [], ""event.original"": ""ZEek: LDAP bind/query to DC"", ""host"": {""name"": ""WKSTN-014"", ""ip"": [""10.10.14.23""]}, ""user"": {""name"": ""jdoe"", ""email"": null}, ""source"": {""ip"": ""10.10.14.23""}, ""destination"": {""ip"": ""10.10.0.10"", ""port"": 389}, ""network"": {""transport"": ""tcp"", ""bytes"": 2000}}"
2024-12-05T02:02:06Z,network,flow,WKSTN-014,10.10.14.23,jdoe,10.10.14.23,10.10.0.10,389,,,,,,,ZEek: LDAP bind/query to DC,"{""@timestamp"": ""2024-12-05T02:02:06Z"", ""event"": {""dataset"": ""network"", ""action"": ""flow"", ""kind"": ""event"", ""category"": [""network""]}, ""organization"": {""name"": ""ExampleCorp""}, ""tags"": [], ""event.original"": ""ZEek: LDAP bind/query to DC"", ""host"": {""name"": ""WKSTN-014"", ""ip"": [""10.10.14.23""]}, ""user"": {""name"": ""jdoe"", ""email"": null}, ""source"": {""ip"": ""10.10.14.23""}, ""destination"": {""ip"": ""10.10.0.10"", ""port"": 389}, ""network"": {""transport"": ""tcp"", ""bytes"": 2000}}"
2024-12-05T02:02:18Z,network,flow,WKSTN-014,10.10.14.23,jdoe,10.10.14.23,10.10.0.10,389,,,,,,,ZEek: LDAP bind/query to DC,"{""@timestamp"": ""2024-12-05T02:02:18Z"", ""event"": {""dataset"": ""network"", ""action"": ""flow"", ""kind"": ""event"", ""category"": [""network""]}, ""organization"": {""name"": ""ExampleCorp""}, ""tags"": [], ""event.original"": ""ZEek: LDAP bind/query to DC"", ""host"": {""name"": ""WKSTN-014"", ""ip"": [""10.10.14.23""]}, ""user"": {""name"": ""jdoe"", ""email"": null}, ""source"": {""ip"": ""10.10.14.23""}, ""destination"": {""ip"": ""10.10.0.10"", ""port"": 389}, ""network"": {""transport"": ""tcp"", ""bytes"": 2000}}"
2024-12-05T02:02:30Z,network,flow,WKSTN-014,10.10.14.23,jdoe,10.10.14.23,10.10.0.10,389,,,,,,,ZEek: LDAP bind/query to DC,"{""@timestamp"": ""2024-12-05T02:02:30Z"", ""event"": {""dataset"": ""network"", ""action"": ""flow"", ""kind"": ""event"", ""category"": [""network""]}, ""organization"": {""name"": ""ExampleCorp""}, ""tags"": [], ""event.original"": ""ZEek: LDAP bind/query to DC"", ""host"": {""name"": ""WKSTN-014"", ""ip"": [""10.10.14.23""]}, ""user"": {""name"": ""jdoe"", ""email"": null}, ""source"": {""ip"": ""10.10.14.23""}, ""destination"": {""ip"": ""10.10.0.10"", ""port"": 389}, ""network"": {""transport"": ""tcp"", ""bytes"": 2000}}"
2024-12-05T02:02:42Z,network,flow,WKSTN-014,10.10.14.23,jdoe,10.10.14.23,10.10.0.10,389,,,,,,,ZEek: LDAP bind/query to DC,"{""@timestamp"": ""2024-12-05T02:02:42Z"", ""event"": {""dataset"": ""network"", ""action"": ""flow"", ""kind"": ""event"", ""category"": [""network""]}, ""organization"": {""name"": ""ExampleCorp""}, ""tags"": [], ""event.original"": ""ZEek: LDAP bind/query to DC"", ""host"": {""name"": ""WKSTN-014"", ""ip"": [""10.10.14.23""]}, ""user"": {""name"": ""jdoe"", ""email"": null}, ""source"": {""ip"": ""10.10.14.23""}, ""destination"": {""ip"": ""10.10.0.10"", ""port"": 389}, ""network"": {""transport"": ""tcp"", ""bytes"": 2000}}"
2024-12-05T02:02:54Z,network,flow,WKSTN-014,10.10.14.23,jdoe,10.10.14.23,10.10.0.10,389,,,,,,,ZEek: LDAP bind/query to DC,"{""@timestamp"": ""2024-12-05T02:02:54Z"", ""event"": {""dataset"": ""network"", ""action"": ""flow"", ""kind"": ""event"", ""category"": [""network""]}, ""organization"": {""name"": ""ExampleCorp""}, ""tags"": [], ""event.original"": ""ZEek: LDAP bind/query to DC"", ""host"": {""name"": ""WKSTN-014"", ""ip"": [""10.10.14.23""]}, ""user"": {""name"": ""jdoe"", ""email"": null}, ""source"": {""ip"": ""10.10.14.23""}, ""destination"": {""ip"": ""10.10.0.10"", ""port"": 389}, ""network"": {""transport"": ""tcp"", ""bytes"": 2000}}"
2024-12-05T02:04:00Z,network,dns,WKSTN-014,10.10.14.23,jdoe,10.10.14.23,,,,,,,,,DNS first_seen vpn-status-check.com -> 91.214.124.31,"{""@timestamp"": ""2024-12-05T02:04:00Z"", ""event"": {""dataset"": ""network"", ""action"": ""dns"", ""kind"": ""event"", ""category"": [""network""]}, ""organization"": {""name"": ""ExampleCorp""}, ""tags"": [], ""event.original"": ""DNS first_seen vpn-status-check.com -> 91.214.124.31"", ""host"": {""name"": ""WKSTN-014"", ""ip"": [""10.10.14.23""]}, ""user"": {""name"": ""jdoe"", ""email"": null}, ""source"": {""ip"": ""10.10.14.23""}, ""dns"": {""question"": {""name"": ""vpn-status-check.com""}, ""answers"": [{""data"": ""91.214.124.31"", ""ttl"": 60}]}}"
2024-12-05T02:04:08Z,network,http,WKSTN-014,10.10.14.23,jdoe,10.10.14.23,91.214.124.31,80,http://vpn-status-check.com/status.ps1,,,,,,PROXY: suspicious script download,"{""@timestamp"": ""2024-12-05T02:04:08Z"", ""event"": {""dataset"": ""network"", ""action"": ""http"", ""kind"": ""event"", ""category"": [""network""]}, ""organization"": {""name"": ""ExampleCorp""}, ""tags"": [], ""event.original"": ""PROXY: suspicious script download"", ""host"": {""name"": ""WKSTN-014"", ""ip"": [""10.10.14.23""]}, ""user"": {""name"": ""jdoe"", ""email"": null}, ""source"": {""ip"": ""10.10.14.23""}, ""destination"": {""ip"": ""91.214.124.31"", ""port"": 80}, ""network"": {""transport"": ""tcp"", ""protocol"": ""http"", ""bytes"": 26420}, ""http"": {""request"": {""method"": ""GET""}, ""response"": {""status_code"": 200}}, ""url"": {""full"": ""http://vpn-status-check.com/status.ps1""}, ""user_agent"": {""original"": ""Mozilla/5.0 (Windows NT 10.0; Win64; x64)""}}"
2024-12-05T02:04:12Z,endpoint,file_write,WKSTN-014,10.10.14.23,jdoe,,,,,,,C:\Users\jdoe\AppData\Local\Temp\status.ps1,4e3f2a1b0c9d8e7f6a5b4c3d2e1f0a9b8c7d6e5f4a3b2c1d0e9f8a7b6c5d4e3f,,EDR: downloaded script written to Temp,"{""@timestamp"": ""2024-12-05T02:04:12Z"", ""event"": {""dataset"": ""endpoint"", ""action"": ""file_write"", ""kind"": ""event"", ""category"": [""file""]}, ""organization"": {""name"": ""ExampleCorp""}, ""tags"": [], ""event.original"": ""EDR: downloaded script written to Temp"", ""host"": {""name"": ""WKSTN-014"", ""ip"": [""10.10.14.23""]}, ""user"": {""name"": ""jdoe"", ""email"": null}, ""file"": {""path"": ""C:\\Users\\jdoe\\AppData\\Local\\Temp\\status.ps1"", ""hash"": {""sha256"": ""4e3f2a1b0c9d8e7f6a5b4c3d2e1f0a9b8c7d6e5f4a3b2c1d0e9f8a7b6c5d4e3f""}}}"
2024-12-05T02:04:20Z,endpoint,process_start,WKSTN-014,10.10.14.23,jdoe,,,,,powershell.exe,powershell.exe -NoP -W Hidden -File C:\Users\jdoe\AppData\Local\Temp\status.ps1,,,,EDR: PowerShell executed downloaded script,"{""@timestamp"": ""2024-12-05T02:04:20Z"", ""event"": {""dataset"": ""endpoint"", ""action"": ""process_start"", ""kind"": ""event"", ""category"": [""process""]}, ""organization"": {""name"": ""ExampleCorp""}, ""tags"": [], ""event.original"": ""EDR: PowerShell executed downloaded script"", ""host"": {""name"": ""WKSTN-014"", ""ip"": [""10.10.14.23""]}, ""user"": {""name"": ""jdoe"", ""email"": null}, ""process"": {""name"": ""powershell.exe"", ""pid"": 7220, ""parent"": {""name"": ""powershell.exe"", ""pid"": 7101}, ""command_line"": ""powershell.exe -NoP -W Hidden -File C:\\Users\\jdoe\\AppData\\Local\\Temp\\status.ps1""}}"
2024-12-05T02:09:00Z,network,flow,WKSTN-014,10.10.14.23,jdoe,10.10.14.23,10.10.5.10,445,,,,,,,ZEek: SMB connection attempt to file server,"{""@timestamp"": ""2024-12-05T02:09:00Z"", ""event"": {""dataset"": ""network"", ""action"": ""flow"", ""kind"": ""event"", ""category"": [""network""]}, ""organization"": {""name"": ""ExampleCorp""}, ""tags"": [], ""event.original"": ""ZEek: SMB connection attempt to file server"", ""host"": {""name"": ""WKSTN-014"", ""ip"": [""10.10.14.23""]}, ""user"": {""name"": ""jdoe"", ""email"": null}, ""source"": {""ip"": ""10.10.14.23""}, ""destination"": {""ip"": ""10.10.5.10"", ""port"": 445}, ""network"": {""transport"": ""tcp"", ""bytes"": 3600}}"
2024-12-05T02:09:10Z,network,flow,WKSTN-014,10.10.14.23,jdoe,10.10.14.23,10.10.5.10,445,,,,,,,ZEek: SMB connection attempt to file server,"{""@timestamp"": ""2024-12-05T02:09:10Z"", ""event"": {""dataset"": ""network"", ""action"": ""flow"", ""kind"": ""event"", ""category"": [""network""]}, ""organization"": {""name"": ""ExampleCorp""}, ""tags"": [], ""event.original"": ""ZEek: SMB connection attempt to file server"", ""host"": {""name"": ""WKSTN-014"", ""ip"": [""10.10.14.23""]}, ""user"": {""name"": ""jdoe"", ""email"": null}, ""source"": {""ip"": ""10.10.14.23""}, ""destination"": {""ip"": ""10.10.5.10"", ""port"": 445}, ""network"": {""transport"": ""tcp"", ""bytes"": 3600}}"
2024-12-05T02:09:20Z,network,flow,WKSTN-014,10.10.14.23,jdoe,10.10.14.23,10.10.5.10,445,,,,,,,ZEek: SMB connection attempt to file server,"{""@timestamp"": ""2024-12-05T02:09:20Z"", ""event"": {""dataset"": ""network"", ""action"": ""flow"", ""kind"": ""event"", ""category"": [""network""]}, ""organization"": {""name"": ""ExampleCorp""}, ""tags"": [], ""event.original"": ""ZEek: SMB connection attempt to file server"", ""host"": {""name"": ""WKSTN-014"", ""ip"": [""10.10.14.23""]}, ""user"": {""name"": ""jdoe"", ""email"": null}, ""source"": {""ip"": ""10.10.14.23""}, ""destination"": {""ip"": ""10.10.5.10"", ""port"": 445}, ""network"": {""transport"": ""tcp"", ""bytes"": 3600}}"
2024-12-05T02:09:30Z,network,flow,WKSTN-014,10.10.14.23,jdoe,10.10.14.23,10.10.5.10,445,,,,,,,ZEek: SMB connection attempt to file server,"{""@timestamp"": ""2024-12-05T02:09:30Z"", ""event"": {""dataset"": ""network"", ""action"": ""flow"", ""kind"": ""event"", ""category"": [""network""]}, ""organization"": {""name"": ""ExampleCorp""}, ""tags"": [], ""event.original"": ""ZEek: SMB connection attempt to file server"", ""host"": {""name"": ""WKSTN-014"", ""ip"": [""10.10.14.23""]}, ""user"": {""name"": ""jdoe"", ""email"": null}, ""source"": {""ip"": ""10.10.14.23""}, ""destination"": {""ip"": ""10.10.5.10"", ""port"": 445}, ""network"": {""transport"": ""tcp"", ""bytes"": 3600}}"
2024-12-05T02:09:40Z,network,flow,WKSTN-014,10.10.14.23,jdoe,10.10.14.23,10.10.5.10,445,,,,,,,ZEek: SMB connection attempt to file server,"{""@timestamp"": ""2024-12-05T02:09:40Z"", ""event"": {""dataset"": ""network"", ""action"": ""flow"", ""kind"": ""event"", ""category"": [""network""]}, ""organization"": {""name"": ""ExampleCorp""}, ""tags"": [], ""event.original"": ""ZEek: SMB connection attempt to file server"", ""host"": {""name"": ""WKSTN-014"", ""ip"": [""10.10.14.23""]}, ""user"": {""name"": ""jdoe"", ""email"": null}, ""source"": {""ip"": ""10.10.14.23""}, ""destination"": {""ip"": ""10.10.5.10"", ""port"": 445}, ""network"": {""transport"": ""tcp"", ""bytes"": 3600}}"
2024-12-05T02:09:50Z,network,flow,WKSTN-014,10.10.14.23,jdoe,10.10.14.23,10.10.5.10,445,,,,,,,ZEek: SMB connection attempt to file server,"{""@timestamp"": ""2024-12-05T02:09:50Z"", ""event"": {""dataset"": ""network"", ""action"": ""flow"", ""kind"": ""event"", ""category"": [""network""]}, ""organization"": {""name"": ""ExampleCorp""}, ""tags"": [], ""event.original"": ""ZEek: SMB connection attempt to file server"", ""host"": {""name"": ""WKSTN-014"", ""ip"": [""10.10.14.23""]}, ""user"": {""name"": ""jdoe"", ""email"": null}, ""source"": {""ip"": ""10.10.14.23""}, ""destination"": {""ip"": ""10.10.5.10"", ""port"": 445}, ""network"": {""transport"": ""tcp"", ""bytes"": 3600}}"
2024-12-05T02:10:20Z,network,flow,WKSTN-014,10.10.14.23,jdoe,10.10.14.23,10.10.5.10,3389,,,,,,,Firewall: BLOCK outbound RDP from workstation,"{""@timestamp"": ""2024-12-05T02:10:20Z"", ""event"": {""dataset"": ""network"", ""action"": ""flow"", ""kind"": ""event"", ""category"": [""network""]}, ""organization"": {""name"": ""ExampleCorp""}, ""tags"": [], ""event.original"": ""Firewall: BLOCK outbound RDP from workstation"", ""host"": {""name"": ""WKSTN-014"", ""ip"": [""10.10.14.23""]}, ""user"": {""name"": ""jdoe"", ""email"": null}, ""source"": {""ip"": ""10.10.14.23""}, ""destination"": {""ip"": ""10.10.5.10"", ""port"": 3389}, ""network"": {""transport"": ""tcp"", ""bytes"": 900}}"
2024-12-05T02:10:35Z,network,flow,WKSTN-014,10.10.14.23,jdoe,10.10.14.23,10.10.5.10,3389,,,,,,,Firewall: BLOCK outbound RDP from workstation,"{""@timestamp"": ""2024-12-05T02:10:35Z"", ""event"": {""dataset"": ""network"", ""action"": ""flow"", ""kind"": ""event"", ""category"": [""network""]}, ""organization"": {""name"": ""ExampleCorp""}, ""tags"": [], ""event.original"": ""Firewall: BLOCK outbound RDP from workstation"", ""host"": {""name"": ""WKSTN-014"", ""ip"": [""10.10.14.23""]}, ""user"": {""name"": ""jdoe"", ""email"": null}, ""source"": {""ip"": ""10.10.14.23""}, ""destination"": {""ip"": ""10.10.5.10"", ""port"": 3389}, ""network"": {""transport"": ""tcp"", ""bytes"": 900}}"
2024-12-05T02:10:50Z,network,flow,WKSTN-014,10.10.14.23,jdoe,10.10.14.23,10.10.5.10,3389,,,,,,,Firewall: BLOCK outbound RDP from workstation,"{""@timestamp"": ""2024-12-05T02:10:50Z"", ""event"": {""dataset"": ""network"", ""action"": ""flow"", ""kind"": ""event"", ""category"": [""network""]}, ""organization"": {""name"": ""ExampleCorp""}, ""tags"": [], ""event.original"": ""Firewall: BLOCK outbound RDP from workstation"", ""host"": {""name"": ""WKSTN-014"", ""ip"": [""10.10.14.23""]}, ""user"": {""name"": ""jdoe"", ""email"": null}, ""source"": {""ip"": ""10.10.14.23""}, ""destination"": {""ip"": ""10.10.5.10"", ""port"": 3389}, ""network"": {""transport"": ""tcp"", ""bytes"": 900}}"
2024-12-05T02:11:00Z,terminal,command,WKSTN-014,10.10.14.23,jdoe,,,,,,,,,,"2024-12-05T02:11:00Z jdoe@WKSTN-014$ quser
(output truncated)","{""@timestamp"": ""2024-12-05T02:11:00Z"", ""event"": {""dataset"": ""terminal"", ""action"": ""command"", ""kind"": ""event"", ""category"": [""process""]}, ""organization"": {""name"": ""ExampleCorp""}, ""tags"": [], ""event.original"": ""2024-12-05T02:11:00Z jdoe@WKSTN-014$ quser\n(output truncated)"", ""host"": {""name"": ""WKSTN-014"", ""ip"": [""10.10.14.23""]}, ""user"": {""name"": ""jdoe"", ""email"": null}, ""terminal"": {""command"": ""quser"", ""output"": ""(output truncated)""}}"
2024-12-05T02:11:25Z,terminal,command,WKSTN-014,10.10.14.23,jdoe,,,,,,,,,,"2024-12-05T02:11:25Z jdoe@WKSTN-014$ net use
(output truncated)","{""@timestamp"": ""2024-12-05T02:11:25Z"", ""event"": {""dataset"": ""terminal"", ""action"": ""command"", ""kind"": ""event"", ""category"": [""process""]}, ""organization"": {""name"": ""ExampleCorp""}, ""tags"": [], ""event.original"": ""2024-12-05T02:11:25Z jdoe@WKSTN-014$ net use\n(output truncated)"", ""host"": {""name"": ""WKSTN-014"", ""ip"": [""10.10.14.23""]}, ""user"": {""name"": ""jdoe"", ""email"": null}, ""terminal"": {""command"": ""net use"", ""output"": ""(output truncated)""}}"
2024-12-05T02:11:50Z,terminal,command,WKSTN-014,10.10.14.23,jdoe,,,,,,,,,,"2024-12-05T02:11:50Z jdoe@WKSTN-014$ arp -a
(output truncated)","{""@timestamp"": ""2024-12-05T02:11:50Z"", ""event"": {""dataset"": ""terminal"", ""action"": ""command"", ""kind"": ""event"", ""category"": [""process""]}, ""organization"": {""name"": ""ExampleCorp""}, ""tags"": [], ""event.original"": ""2024-12-05T02:11:50Z jdoe@WKSTN-014$ arp -a\n(output truncated)"", ""host"": {""name"": ""WKSTN-014"", ""ip"": [""10.10.14.23""]}, ""user"": {""name"": ""jdoe"", ""email"": null}, ""terminal"": {""command"": ""arp -a"", ""output"": ""(output truncated)""}}"
2024-12-05T02:12:15Z,terminal,command,WKSTN-014,10.10.14.23,jdoe,,,,,,,,,,"2024-12-05T02:12:15Z jdoe@WKSTN-014$ route print
(output truncated)","{""@timestamp"": ""2024-12-05T02:12:15Z"", ""event"": {""dataset"": ""terminal"", ""action"": ""command"", ""kind"": ""event"", ""category"": [""process""]}, ""organization"": {""name"": ""ExampleCorp""}, ""tags"": [], ""event.original"": ""2024-12-05T02:12:15Z jdoe@WKSTN-014$ route print\n(output truncated)"", ""host"": {""name"": ""WKSTN-014"", ""ip"": [""10.10.14.23""]}, ""user"": {""name"": ""jdoe"", ""email"": null}, ""terminal"": {""command"": ""route print"", ""output"": ""(output truncated)""}}"
2024-12-05T02:12:40Z,terminal,command,WKSTN-014,10.10.14.23,jdoe,,,,,,,,,,"2024-12-05T02:12:40Z jdoe@WKSTN-014$ whoami /all
(output truncated)","{""@timestamp"": ""2024-12-05T02:12:40Z"", ""event"": {""dataset"": ""terminal"", ""action"": ""command"", ""kind"": ""event"", ""category"": [""process""]}, ""organization"": {""name"": ""ExampleCorp""}, ""tags"": [], ""event.original"": ""2024-12-05T02:12:40Z jdoe@WKSTN-014$ whoami /all\n(output truncated)"", ""host"": {""name"": ""WKSTN-014"", ""ip"": [""10.10.14.23""]}, ""user"": {""name"": ""jdoe"", ""email"": null}, ""terminal"": {""command"": ""whoami /all"", ""output"": ""(output truncated)""}}"
2024-12-05T02:13:00Z,endpoint,process_start,WKSTN-014,10.10.14.23,jdoe,,,,,7z.exe,"7z.exe a -tzip ""C:\Users\jdoe\AppData\Local\Temp\docs.zip"" ""C:\Users\jdoe\Documents\*""",,,,EDR: archive creation (staging),"{""@timestamp"": ""2024-12-05T02:13:00Z"", ""event"": {""dataset"": ""endpoint"", ""action"": ""process_start"", ""kind"": ""event"", ""category"": [""process""]}, ""organization"": {""name"": ""ExampleCorp""}, ""tags"": [], ""event.original"": ""EDR: archive creation (staging)"", ""host"": {""name"": ""WKSTN-014"", ""ip"": [""10.10.14.23""]}, ""user"": {""name"": ""jdoe"", ""email"": null}, ""process"": {""name"": ""7z.exe"", ""pid"": 7350, ""parent"": {""name"": ""explorer.exe"", ""pid"": 1500}, ""command_line"": ""7z.exe a -tzip \""C:\\Users\\jdoe\\AppData\\Local\\Temp\\docs.zip\"" \""C:\\Users\\jdoe\\Documents\\*\""""}}"
2024-12-05T02:13:00Z,network,flow,WKSTN-014,10.10.14.23,jdoe,10.10.14.23,10.10.0.10,445,,,,,,,ZEek: SMB scanning/enumeration,"{""@timestamp"": ""2024-12-05T02:13:00Z"", ""event"": {""dataset"": ""network"", ""action"": ""flow"", ""kind"": ""event"", ""category"": [""network""]}, ""organization"": {""name"": ""ExampleCorp""}, ""tags"": [], ""event.original"": ""ZEek: SMB scanning/enumeration"", ""host"": {""name"": ""WKSTN-014"", ""ip"": [""10.10.14.23""]}, ""user"": {""name"": ""jdoe"", ""email"": null}, ""source"": {""ip"": ""10.10.14.23""}, ""destination"": {""ip"": ""10.10.0.10"", ""port"": 445}, ""network"": {""transport"": ""tcp"", ""bytes"": 4573}}"
2024-12-05T02:13:05Z,terminal,command,WKSTN-014,10.10.14.23,jdoe,,,,,,,,,,"2024-12-05T02:13:05Z jdoe@WKSTN-014$ dsquery user -name *admin*
(output truncated)","{""@timestamp"": ""2024-12-05T02:13:05Z"", ""event"": {""dataset"": ""terminal"", ""action"": ""command"", ""kind"": ""event"", ""category"": [""process""]}, ""organization"": {""name"": ""ExampleCorp""}, ""tags"": [], ""event.original"": ""2024-12-05T02:13:05Z jdoe@WKSTN-014$ dsquery user -name *admin*\n(output truncated)"", ""host"": {""name"": ""WKSTN-014"", ""ip"": [""10.10.14.23""]}, ""user"": {""name"": ""jdoe"", ""email"": null}, ""terminal"": {""command"": ""dsquery user -name *admin*"", ""output"": ""(output truncated)""}}"
2024-12-05T02:13:07Z,network,flow,WKSTN-014,10.10.14.23,jdoe,10.10.14.23,10.10.0.10,445,,,,,,,ZEek: SMB scanning/enumeration,"{""@timestamp"": ""2024-12-05T02:13:07Z"", ""event"": {""dataset"": ""network"", ""action"": ""flow"", ""kind"": ""event"", ""category"": [""network""]}, ""organization"": {""name"": ""ExampleCorp""}, ""tags"": [], ""event.original"": ""ZEek: SMB scanning/enumeration"", ""host"": {""name"": ""WKSTN-014"", ""ip"": [""10.10.14.23""]}, ""user"": {""name"": ""jdoe"", ""email"": null}, ""source"": {""ip"": ""10.10.14.23""}, ""destination"": {""ip"": ""10.10.0.10"", ""port"": 445}, ""network"": {""transport"": ""tcp"", ""bytes"": 8288}}"
2024-12-05T02:13:14Z,network,flow,WKSTN-014,10.10.14.23,jdoe,10.10.14.23,10.10.0.10,445,,,,,,,ZEek: SMB scanning/enumeration,"{""@timestamp"": ""2024-12-05T02:13:14Z"", ""event"": {""dataset"": ""network"", ""action"": ""flow"", ""kind"": ""event"", ""category"": [""network""]}, ""organization"": {""name"": ""ExampleCorp""}, ""tags"": [], ""event.original"": ""ZEek: SMB scanning/enumeration"", ""host"": {""name"": ""WKSTN-014"", ""ip"": [""10.10.14.23""]}, ""user"": {""name"": ""jdoe"", ""email"": null}, ""source"": {""ip"": ""10.10.14.23""}, ""destination"": {""ip"": ""10.10.0.10"", ""port"": 445}, ""network"": {""transport"": ""tcp"", ""bytes"": 5959}}"
2024-12-05T02:13:21Z,network,flow,WKSTN-014,10.10.14.23,jdoe,10.10.14.23,10.10.5.10,445,,,,,,,ZEek: SMB scanning/enumeration,"{""@timestamp"": ""2024-12-05T02:13:21Z"", ""event"": {""dataset"": ""network"", ""action"": ""flow"", ""kind"": ""event"", ""category"": [""network""]}, ""organization"": {""name"": ""ExampleCorp""}, ""tags"": [], ""event.original"": ""ZEek: SMB scanning/enumeration"", ""host"": {""name"": ""WKSTN-014"", ""ip"": [""10.10.14.23""]}, ""user"": {""name"": ""jdoe"", ""email"": null}, ""source"": {""ip"": ""10.10.14.23""}, ""destination"": {""ip"": ""10.10.5.10"", ""port"": 445}, ""network"": {""transport"": ""tcp"", ""bytes"": 3481}}"
2024-12-05T02:13:28Z,network,flow,WKSTN-014,10.10.14.23,jdoe,10.10.14.23,10.10.7.15,445,,,,,,,ZEek: SMB scanning/enumeration,"{""@timestamp"": ""2024-12-05T02:13:28Z"", ""event"": {""dataset"": ""network"", ""action"": ""flow"", ""kind"": ""event"", ""category"": [""network""]}, ""organization"": {""name"": ""ExampleCorp""}, ""tags"": [], ""event.original"": ""ZEek: SMB scanning/enumeration"", ""host"": {""name"": ""WKSTN-014"", ""ip"": [""10.10.14.23""]}, ""user"": {""name"": ""jdoe"", ""email"": null}, ""source"": {""ip"": ""10.10.14.23""}, ""destination"": {""ip"": ""10.10.7.15"", ""port"": 445}, ""network"": {""transport"": ""tcp"", ""bytes"": 3774}}"
2024-12-05T02:13:30Z,endpoint,file_write,WKSTN-014,10.10.14.23,jdoe,,,,,,,C:\Users\jdoe\AppData\Local\Temp\docs.zip,11223344556677889900aabbccddeeff00112233445566778899aabbccddeeff,,FileWrite: docs.zip size=92MB,"{""@timestamp"": ""2024-12-05T02:13:30Z"", ""event"": {""dataset"": ""endpoint"", ""action"": ""file_write"", ""kind"": ""event"", ""category"": [""file""]}, ""organization"": {""name"": ""ExampleCorp""}, ""tags"": [], ""event.original"": ""FileWrite: docs.zip size=92MB"", ""host"": {""name"": ""WKSTN-014"", ""ip"": [""10.10.14.23""]}, ""user"": {""name"": ""jdoe"", ""email"": null}, ""file"": {""path"": ""C:\\Users\\jdoe\\AppData\\Local\\Temp\\docs.zip"", ""hash"": {""sha256"": ""11223344556677889900aabbccddeeff00112233445566778899aabbccddeeff""}}}"
2024-12-05T02:13:35Z,network,flow,WKSTN-014,10.10.14.23,jdoe,10.10.14.23,10.10.0.10,445,,,,,,,ZEek: SMB scanning/enumeration,"{""@timestamp"": ""2024-12-05T02:13:35Z"", ""event"": {""dataset"": ""network"", ""action"": ""flow"", ""kind"": ""event"", ""category"": [""network""]}, ""organization"": {""name"": ""ExampleCorp""}, ""tags"": [], ""event.original"": ""ZEek: SMB scanning/enumeration"", ""host"": {""name"": ""WKSTN-014"", ""ip"": [""10.10.14.23""]}, ""user"": {""name"": ""jdoe"", ""email"": null}, ""source"": {""ip"": ""10.10.14.23""}, ""destination"": {""ip"": ""10.10.0.10"", ""port"": 445}, ""network"": {""transport"": ""tcp"", ""bytes"": 9353}}"
2024-12-05T02:13:42Z,network,flow,WKSTN-014,10.10.14.23,jdoe,10.10.14.23,10.10.0.10,445,,,,,,,ZEek: SMB scanning/enumeration,"{""@timestamp"": ""2024-12-05T02:13:42Z"", ""event"": {""dataset"": ""network"", ""action"": ""flow"", ""kind"": ""event"", ""category"": [""network""]}, ""organization"": {""name"": ""ExampleCorp""}, ""tags"": [], ""event.original"": ""ZEek: SMB scanning/enumeration"", ""host"": {""name"": ""WKSTN-014"", ""ip"": [""10.10.14.23""]}, ""user"": {""name"": ""jdoe"", ""email"": null}, ""source"": {""ip"": ""10.10.14.23""}, ""destination"": {""ip"": ""10.10.0.10"", ""port"": 445}, ""network"": {""transport"": ""tcp"", ""bytes"": 2792}}"
2024-12-05T02:13:49Z,network,flow,WKSTN-014,10.10.14.23,jdoe,10.10.14.23,10.10.9.30,445,,,,,,,ZEek: SMB scanning/enumeration,"{""@timestamp"": ""2024-12-05T02:13:49Z"", ""event"": {""dataset"": ""network"", ""action"": ""flow"", ""kind"": ""event"", ""category"": [""network""]}, ""organization"": {""name"": ""ExampleCorp""}, ""tags"": [], ""event.original"": ""ZEek: SMB scanning/enumeration"", ""host"": {""name"": ""WKSTN-014"", ""ip"": [""10.10.14.23""]}, ""user"": {""name"": ""jdoe"", ""email"": null}, ""source"": {""ip"": ""10.10.14.23""}, ""destination"": {""ip"": ""10.10.9.30"", ""port"": 445}, ""network"": {""transport"": ""tcp"", ""bytes"": 8217}}"
2024-12-05T02:13:56Z,network,flow,WKSTN-014,10.10.14.23,jdoe,10.10.14.23,10.10.7.15,445,,,,,,,ZEek: SMB scanning/enumeration,"{""@timestamp"": ""2024-12-05T02:13:56Z"", ""event"": {""dataset"": ""network"", ""action"": ""flow"", ""kind"": ""event"", ""category"": [""network""]}, ""organization"": {""name"": ""ExampleCorp""}, ""tags"": [], ""event.original"": ""ZEek: SMB scanning/enumeration"", ""host"": {""name"": ""WKSTN-014"", ""ip"": [""10.10.14.23""]}, ""user"": {""name"": ""jdoe"", ""email"": null}, ""source"": {""ip"": ""10.10.14.23""}, ""destination"": {""ip"": ""10.10.7.15"", ""port"": 445}, ""network"": {""transport"": ""tcp"", ""bytes"": 4429}}"
2024-12-05T02:14:00Z,network,dns,WKSTN-014,10.10.14.23,jdoe,10.10.14.23,,,,,,,,,DNS: files-dropbox-sync.com -> 45.141.84.61,"{""@timestamp"": ""2024-12-05T02:14:00Z"", ""event"": {""dataset"": ""network"", ""action"": ""dns"", ""kind"": ""event"", ""category"": [""network""]}, ""organization"": {""name"": ""ExampleCorp""}, ""tags"": [], ""event.original"": ""DNS: files-dropbox-sync.com -> 45.141.84.61"", ""host"": {""name"": ""WKSTN-014"", ""ip"": [""10.10.14.23""]}, ""user"": {""name"": ""jdoe"", ""email"": null}, ""source"": {""ip"": ""10.10.14.23""}, ""dns"": {""question"": {""name"": ""files-dropbox-sync.com""}, ""answers"": [{""data"": ""45.141.84.61"", ""ttl"": 60}]}}"
2024-12-05T02:14:03Z,network,flow,WKSTN-014,10.10.14.23,jdoe,10.10.14.23,10.10.0.10,445,,,,,,,ZEek: SMB scanning/enumeration,"{""@timestamp"": ""2024-12-05T02:14:03Z"", ""event"": {""dataset"": ""network"", ""action"": ""flow"", ""kind"": ""event"", ""category"": [""network""]}, ""organization"": {""name"": ""ExampleCorp""}, ""tags"": [], ""event.original"": ""ZEek: SMB scanning/enumeration"", ""host"": {""name"": ""WKSTN-014"", ""ip"": [""10.10.14.23""]}, ""user"": {""name"": ""jdoe"", ""email"": null}, ""source"": {""ip"": ""10.10.14.23""}, ""destination"": {""ip"": ""10.10.0.10"", ""port"": 445}, ""network"": {""transport"": ""tcp"", ""bytes"": 4586}}"
2024-12-05T02:14:10Z,network,flow,WKSTN-014,10.10.14.23,jdoe,10.10.14.23,45.141.84.61,443,,,,,,,Firewall: BLOCK (policy) large TLS upload to rare destination,"{""@timestamp"": ""2024-12-05T02:14:10Z"", ""event"": {""dataset"": ""network"", ""action"": ""flow"", ""kind"": ""event"", ""category"": [""network""]}, ""organization"": {""name"": ""ExampleCorp""}, ""tags"": [], ""event.original"": ""Firewall: BLOCK (policy) large TLS upload to rare destination"", ""host"": {""name"": ""WKSTN-014"", ""ip"": [""10.10.14.23""]}, ""user"": {""name"": ""jdoe"", ""email"": null}, ""source"": {""ip"": ""10.10.14.23""}, ""destination"": {""ip"": ""45.141.84.61"", ""port"": 443}, ""network"": {""transport"": ""tcp"", ""bytes"": 3120000}}"
2024-12-05T02:14:10Z,network,flow,WKSTN-014,10.10.14.23,jdoe,10.10.14.23,10.10.9.30,445,,,,,,,ZEek: SMB scanning/enumeration,"{""@timestamp"": ""2024-12-05T02:14:10Z"", ""event"": {""dataset"": ""network"", ""action"": ""flow"", ""kind"": ""event"", ""category"": [""network""]}, ""organization"": {""name"": ""ExampleCorp""}, ""tags"": [], ""event.original"": ""ZEek: SMB scanning/enumeration"", ""host"": {""name"": ""WKSTN-014"", ""ip"": [""10.10.14.23""]}, ""user"": {""name"": ""jdoe"", ""email"": null}, ""source"": {""ip"": ""10.10.14.23""}, ""destination"": {""ip"": ""10.10.9.30"", ""port"": 445}, ""network"": {""transport"": ""tcp"", ""bytes"": 9160}}"
2024-12-05T02:14:17Z,network,flow,WKSTN-014,10.10.14.23,jdoe,10.10.14.23,10.10.0.10,445,,,,,,,ZEek: SMB scanning/enumeration,"{""@timestamp"": ""2024-12-05T02:14:17Z"", ""event"": {""dataset"": ""network"", ""action"": ""flow"", ""kind"": ""event"", ""category"": [""network""]}, ""organization"": {""name"": ""ExampleCorp""}, ""tags"": [], ""event.original"": ""ZEek: SMB scanning/enumeration"", ""host"": {""name"": ""WKSTN-014"", ""ip"": [""10.10.14.23""]}, ""user"": {""name"": ""jdoe"", ""email"": null}, ""source"": {""ip"": ""10.10.14.23""}, ""destination"": {""ip"": ""10.10.0.10"", ""port"": 445}, ""network"": {""transport"": ""tcp"", ""bytes"": 1050}}"
2024-12-05T02:14:18Z,network,flow,WKSTN-014,10.10.14.23,jdoe,10.10.14.23,45.141.84.61,443,,,,,,,TLS retry (blocked),"{""@timestamp"": ""2024-12-05T02:14:18Z"", ""event"": {""dataset"": ""network"", ""action"": ""flow"", ""kind"": ""event"", ""category"": [""network""]}, ""organization"": {""name"": ""ExampleCorp""}, ""tags"": [], ""event.original"": ""TLS retry (blocked)"", ""host"": {""name"": ""WKSTN-014"", ""ip"": [""10.10.14.23""]}, ""user"": {""name"": ""jdoe"", ""email"": null}, ""source"": {""ip"": ""10.10.14.23""}, ""destination"": {""ip"": ""45.141.84.61"", ""port"": 443}, ""network"": {""transport"": ""tcp"", ""bytes"": 3120000}}"
2024-12-05T02:14:24Z,network,flow,WKSTN-014,10.10.14.23,jdoe,10.10.14.23,10.10.5.10,445,,,,,,,ZEek: SMB scanning/enumeration,"{""@timestamp"": ""2024-12-05T02:14:24Z"", ""event"": {""dataset"": ""network"", ""action"": ""flow"", ""kind"": ""event"", ""category"": [""network""]}, ""organization"": {""name"": ""ExampleCorp""}, ""tags"": [], ""event.original"": ""ZEek: SMB scanning/enumeration"", ""host"": {""name"": ""WKSTN-014"", ""ip"": [""10.10.14.23""]}, ""user"": {""name"": ""jdoe"", ""email"": null}, ""source"": {""ip"": ""10.10.14.23""}, ""destination"": {""ip"": ""10.10.5.10"", ""port"": 445}, ""network"": {""transport"": ""tcp"", ""bytes"": 6591}}"
2024-12-05T02:14:26Z,network,flow,WKSTN-014,10.10.14.23,jdoe,10.10.14.23,45.141.84.61,443,,,,,,,TLS retry (blocked),"{""@timestamp"": ""2024-12-05T02:14:26Z"", ""event"": {""dataset"": ""network"", ""action"": ""flow"", ""kind"": ""event"", ""category"": [""network""]}, ""organization"": {""name"": ""ExampleCorp""}, ""tags"": [], ""event.original"": ""TLS retry (blocked)"", ""host"": {""name"": ""WKSTN-014"", ""ip"": [""10.10.14.23""]}, ""user"": {""name"": ""jdoe"", ""email"": null}, ""source"": {""ip"": ""10.10.14.23""}, ""destination"": {""ip"": ""45.141.84.61"", ""port"": 443}, ""network"": {""transport"": ""tcp"", ""bytes"": 3120000}}"
2024-12-05T02:14:31Z,network,flow,WKSTN-014,10.10.14.23,jdoe,10.10.14.23,10.10.0.10,445,,,,,,,ZEek: SMB scanning/enumeration,"{""@timestamp"": ""2024-12-05T02:14:31Z"", ""event"": {""dataset"": ""network"", ""action"": ""flow"", ""kind"": ""event"", ""category"": [""network""]}, ""organization"": {""name"": ""ExampleCorp""}, ""tags"": [], ""event.original"": ""ZEek: SMB scanning/enumeration"", ""host"": {""name"": ""WKSTN-014"", ""ip"": [""10.10.14.23""]}, ""user"": {""name"": ""jdoe"", ""email"": null}, ""source"": {""ip"": ""10.10.14.23""}, ""destination"": {""ip"": ""10.10.0.10"", ""port"": 445}, ""network"": {""transport"": ""tcp"", ""bytes"": 1978}}"
2024-12-05T02:14:34Z,network,flow,WKSTN-014,10.10.14.23,jdoe,10.10.14.23,45.141.84.61,443,,,,,,,TLS retry (blocked),"{""@timestamp"": ""2024-12-05T02:14:34Z"", ""event"": {""dataset"": ""network"", ""action"": ""flow"", ""kind"": ""event"", ""category"": [""network""]}, ""organization"": {""name"": ""ExampleCorp""}, ""tags"": [], ""event.original"": ""TLS retry (blocked)"", ""host"": {""name"": ""WKSTN-014"", ""ip"": [""10.10.14.23""]}, ""user"": {""name"": ""jdoe"", ""email"": null}, ""source"": {""ip"": ""10.10.14.23""}, ""destination"": {""ip"": ""45.141.84.61"", ""port"": 443}, ""network"": {""transport"": ""tcp"", ""bytes"": 3120000}}"
2024-12-05T02:14:38Z,network,flow,WKSTN-014,10.10.14.23,jdoe,10.10.14.23,10.10.9.30,445,,,,,,,ZEek: SMB scanning/enumeration,"{""@timestamp"": ""2024-12-05T02:14:38Z"", ""event"": {""dataset"": ""network"", ""action"": ""flow"", ""kind"": ""event"", ""category"": [""network""]}, ""organization"": {""name"": ""ExampleCorp""}, ""tags"": [], ""event.original"": ""ZEek: SMB scanning/enumeration"", ""host"": {""name"": ""WKSTN-014"", ""ip"": [""10.10.14.23""]}, ""user"": {""name"": ""jdoe"", ""email"": null}, ""source"": {""ip"": ""10.10.14.23""}, ""destination"": {""ip"": ""10.10.9.30"", ""port"": 445}, ""network"": {""transport"": ""tcp"", ""bytes"": 6879}}"
2024-12-05T02:14:42Z,network,flow,WKSTN-014,10.10.14.23,jdoe,10.10.14.23,45.141.84.61,443,,,,,,,TLS retry (blocked),"{""@timestamp"": ""2024-12-05T02:14:42Z"", ""event"": {""dataset"": ""network"", ""action"": ""flow"", ""kind"": ""event"", ""category"": [""network""]}, ""organization"": {""name"": ""ExampleCorp""}, ""tags"": [], ""event.original"": ""TLS retry (blocked)"", ""host"": {""name"": ""WKSTN-014"", ""ip"": [""10.10.14.23""]}, ""user"": {""name"": ""jdoe"", ""email"": null}, ""source"": {""ip"": ""10.10.14.23""}, ""destination"": {""ip"": ""45.141.84.61"", ""port"": 443}, ""network"": {""transport"": ""tcp"", ""bytes"": 3120000}}"
2024-12-05T02:14:45Z,network,flow,WKSTN-014,10.10.14.23,jdoe,10.10.14.23,10.10.7.15,445,,,,,,,ZEek: SMB scanning/enumeration,"{""@timestamp"": ""2024-12-05T02:14:45Z"", ""event"": {""dataset"": ""network"", ""action"": ""flow"", ""kind"": ""event"", ""category"": [""network""]}, ""organization"": {""name"": ""ExampleCorp""}, ""tags"": [], ""event.original"": ""ZEek: SMB scanning/enumeration"", ""host"": {""name"": ""WKSTN-014"", ""ip"": [""10.10.14.23""]}, ""user"": {""name"": ""jdoe"", ""email"": null}, ""source"": {""ip"": ""10.10.14.23""}, ""destination"": {""ip"": ""10.10.7.15"", ""port"": 445}, ""network"": {""transport"": ""tcp"", ""bytes"": 8212}}"
2024-12-05T02:14:52Z,network,flow,WKSTN-014,10.10.14.23,jdoe,10.10.14.23,10.10.0.10,445,,,,,,,ZEek: SMB scanning/enumeration,"{""@timestamp"": ""2024-12-05T02:14:52Z"", ""event"": {""dataset"": ""network"", ""action"": ""flow"", ""kind"": ""event"", ""category"": [""network""]}, ""organization"": {""name"": ""ExampleCorp""}, ""tags"": [], ""event.original"": ""ZEek: SMB scanning/enumeration"", ""host"": {""name"": ""WKSTN-014"", ""ip"": [""10.10.14.23""]}, ""user"": {""name"": ""jdoe"", ""email"": null}, ""source"": {""ip"": ""10.10.14.23""}, ""destination"": {""ip"": ""10.10.0.10"", ""port"": 445}, ""network"": {""transport"": ""tcp"", ""bytes"": 3818}}"
2024-12-05T02:14:59Z,network,flow,WKSTN-014,10.10.14.23,jdoe,10.10.14.23,10.10.0.10,445,,,,,,,ZEek: SMB scanning/enumeration,"{""@timestamp"": ""2024-12-05T02:14:59Z"", ""event"": {""dataset"": ""network"", ""action"": ""flow"", ""kind"": ""event"", ""category"": [""network""]}, ""organization"": {""name"": ""ExampleCorp""}, ""tags"": [], ""event.original"": ""ZEek: SMB scanning/enumeration"", ""host"": {""name"": ""WKSTN-014"", ""ip"": [""10.10.14.23""]}, ""user"": {""name"": ""jdoe"", ""email"": null}, ""source"": {""ip"": ""10.10.14.23""}, ""destination"": {""ip"": ""10.10.0.10"", ""port"": 445}, ""network"": {""transport"": ""tcp"", ""bytes"": 8328}}"
2024-12-05T02:15:00Z,identity,account_risk,,,jdoe,198.51.100.23,,,,,,,,,Identity: user flagged for atypical travel / spray correlation,"{""@timestamp"": ""2024-12-05T02:15:00Z"", ""event"": {""dataset"": ""identity"", ""action"": ""account_risk"", ""kind"": ""event"", ""category"": [""authentication""], ""outcome"": ""success""}, ""organization"": {""name"": ""ExampleCorp""}, ""tags"": [], ""event.original"": ""Identity: user flagged for atypical travel / spray correlation"", ""user"": {""name"": ""jdoe"", ""email"": null}, ""source"": {""ip"": ""198.51.100.23""}, ""service"": {""name"": ""azuread""}}"
2024-12-05T02:16:00Z,endpoint,alert,WKSTN-014,10.10.14.23,jdoe,,,,,,,,,,EDR: Detected suspicious post-exploitation script behavior (T1059.001),"{""@timestamp"": ""2024-12-05T02:16:00Z"", ""event"": {""dataset"": ""endpoint"", ""action"": ""alert"", ""kind"": ""event""}, ""organization"": {""name"": ""ExampleCorp""}, ""tags"": [], ""event.original"": ""EDR: Detected suspicious post-exploitation script behavior (T1059.001)"", ""host"": {""name"": ""WKSTN-014"", ""ip"": [""10.10.14.23""]}, ""user"": {""name"": ""jdoe"", ""email"": null}}"
